id,city_id,location,lat,lon
5137,0,Народного ополчения,55.7771916,37.4726541
5158,0,р.Чура,55.6995479,37.6036491
5136,0,Нижняя Масловка,55.7918627,37.578854
5163,0,Шаболовка,55.726868,37.6066741
5138,0,Глебовская,55.8154194,37.7128781
5130,0,Чаянова,55.7756566,37.5886271
5145,0,МГУ,55.7005288,37.5365711
5144,0,Площадь Гагарина,55.7083636,37.5776631
5140,0,Останкино 0,55.82202,37.630405
5162,0,Казакова,55.7639729,37.6595461
5128,0,Спартаковская пл.,55.7769576,37.6799531
5139,0,Хамовники,55.7209092,37.5659901
5134,0,Спиридоновка ул.,55.7602761,37.5914501
4959,0,Кожуховский проезд,55.7087026,37.6585581
5149,0,МАДИ,55.8033388,37.5249901
5125,0,Сухаревская пл.,55.7738826,37.6267581
1385272,1,Koşuyolu,41.01186039485683,29.038804216865906
3517,1,İstanbul - Kağıthane,41.087733,28.982773
5802,1,İstanbul - Aksaray,41.014722,28.954721999999997
368870,1,İstanbul - Beşiktaş,41.053889,29.01
6151,1,İstanbul - Üsküdar-MTHM,41.02705,29.02489
368942,1,İstanbul - Kadıköy,40.991944,29.033611
5775,1,İstanbul - Çatladıkapı,41.0025,28.975278
368912,1,İstanbul - Mobil 2,41.05166309347515,28.867944221876535
6108,1,İstanbul - Kağıthane-MTHM,41.09233,28.97478
5801,1,İstanbul - Selimiye,41.003818,29.026914
6079,1,İstanbul - Mecidiyeköy-MTHM,41.06596,28.99446
5779,1,İstanbul - Esenler,41.038333,28.888056
5780,1,İstanbul - Alibeyköy,41.057672,28.945682
5788,1,İstanbul - Üsküdar,41.015278,29.024999999999995
5787,1,İstanbul - Göztepe,40.99431,29.069452
1288070,1,"Kadikoy, Istanbul",41.01186039485683,29.038804216865906
1117914,1,İstanbul - Şişli Eğitim -MTHM,41.054253,28.997328
2453312,2,Honor Oak Park,51.451186,-0.039428
2453304,2,Marylebone Road,51.52224,-0.15657
2984093,2,"Maiden Lane, London",51.5423,-0.1285
2453309,2,Honor Oak Park,51.451186,-0.039428
2946436,2,"Maiden Lane, London",51.5423,-0.1285
2946433,2,"Maiden Lane, London",51.5423,-0.1285
1235983,2,Islington,51.54654025913672,-0.0907452421552941
2946434,2,"Maiden Lane, London",51.5423,-0.1285
2453319,2,Marylebone Road,51.52224,-0.15657
154,2,Westminster - Marylebone Road,51.52254,-0.15459
155,2,London N. Kensington,51.52105,-0.2134919999999999
225713,2,Brent - ARK Franklin Primary Academy,51.5324054617809,-0.217718908639377
149,2,Ealing - Horn Lane TEOM,51.5189160348806,-0.265652052386222
152,2,Camden Kerbside,51.54421,-0.175269
225803,2,Lewisham - Honor Oak Park,51.4496728960354,-0.0374153592115306
151,2,Tower Hamlets Roadside,51.52253,-0.042155
150,2,London Haringey Priory Park South,51.584128,-0.125254
159,2,London Westminster,51.494670000000006,-0.131931
146,2,Southwark - A2 Old Kent Road FIDAS,51.4804994936467,-0.0595528932573422
148,2,London Bloomsbury,51.52229,-0.125889
225719,2,Brent - John Keble Primary School,51.537799,-0.247793
225715,2,Brent - Neasden Lane,51.552656,-0.248774
225806,2,Richmond Upon Thames - Castelnau,51.480189,-0.237335
225771,2,Richmond Upon Thames - Barnes Wetlands,51.476168,-0.230427
225766,2,Lewisham - Deptford,51.4795312838203,-0.0252606031340197
225848,2,Westminster - Oxford Street,51.5139287404213,-0.152792701881935
225794,2,Southwark - Lower Road,51.4965604167321,-0.0530504472531611
7564,3,Preneste,41.886018,12.541614
8551,3,Cipro,41.906358,12.447596000000004
7560,3,Tiburtina,41.910257,12.54887
7545,3,Bufalotta,41.947649,12.533682
7529,3,Arenula,41.894020000000005,12.475368
7534,3,Fermi,41.864194,12.469531
7527,3,Magna Grecia,41.883064,12.508939
7540,3,Villa Ada,41.932874,12.506971
7558,3,Cinecitta,41.85772,12.568664999999998
2162866,3,Villa Ada,41.932874,12.506971
8334,3,IT0825A,41.9475,12.46972
8535,3,IT1906A,41.893889,12.475278
8428,3,IT1176A,41.886111,12.541667
8019,3,IT1835A,41.947778,12.533611
353013,4,Baku,40.386992,49.842946
2070168,5,Krafftgasse Innenhof (mount height 12m),48.22243365718118,16.373341834689935
2857420,5,home,48.249,16.451
3035984,5,Bonygasse,48.179,16.332
3420,5,Taborstraße,48.21673899971197,16.38091800012245
4633,5,Hohe Warte,48.24899299940872,16.357078999592627
2876226,5,Liesing - Carlberger-Gasse Gewerbegebiet,48.14124999953864,16.300082999567955
4563,5,Gaudenzdorf,48.18714699945706,16.33933099979564
4550,5,Stephansplatz,48.208149999712305,16.373253999919783
2876867,5,Neubaugürtel,48.196789999276696,16.339839999608667
4641,5,Schafberg,48.23536999952967,16.301563000049683
4543,5,Stadlau,48.22636099968734,16.45834499999982
4520,5,Belgradplatz,48.17435299931363,16.361417000032255
4596,5,Hermannskogel,48.270199999363115,16.297200000394017
4578,5,Kendlerstraße,48.20499999927913,16.309750000309077
2162102,5,AKH,48.21910999970677,16.349817999796098
4618,5,Floridsdorf,48.26108599954025,16.396953999634114
2812,5,A23 Südosttangente/Wehlistraße,48.2030599994596,16.43454999985093
4585,5,Hietzinger Kai,48.18837299973404,16.300019999818762
4649,5,Kaiser-Ebersdorf,48.1567079996343,16.476050999964016
2162066,5,Vösendorf - Peter Jordan-Straße,48.12473999951048,16.331449999858
4662,5,Liesing - Carlberger-Gasse Gewerbegebiet,48.14124999953864,16.301277999644327
2825320,5,Stuwerviertel,48.2195277778,16.4050277778
3424,5,NET.03,48.12499999946648,16.331387999999997
4632,5,NET.09,48.21951699946667,16.345551999999998
4665,5,AT90LAA,48.1610363883555,16.3929202777778
3428,5,Rinnb�ckstra�e - A23,48.184144166133294,16.4065972222222
2808,5,Wien Floridsdorf Gerichtsgasse,48.26084273999853,16.396948881033623
2751,5,Wien Hohe Warte - Zentralanstalt für Meteorologie und Geodyn,48.249179535401346,16.357782334646014
2777,5,Wien Taborstrasse,48.21806464890474,16.381947015788832
2754,5,Wien Kaiserebersdorf,48.156916713820294,16.47555146839408
2787,5,Wien Liesing,48.13803656081193,16.296696895325887
2788,5,Wien Laaer Berg,48.161410964660504,16.392816630726674
2807,5,Wien Gaudenzdorf,48.187769306263824,16.34053468119092
2784,5,Wien Schafberg,48.235838353194374,16.303074933843135
2810,5,Wien AKH,48.21914201881355,16.345834741367224
2783,5,Vösendorf,48.125026192709605,16.331641359878137
2809,5,Wien Belgradplatz,48.1750111647454,16.36308239482232
2753,5,Wien Stephansplatz,48.20890608925811,16.373862178231754
2782,5,Wien Stadlau,48.22805937688927,16.46054960314929
2799,5,Wien Hietzinger Kai,48.18890720219492,16.30199695550219
3026690,6,NASA GSFC Rutgers Calib. N19,53.56833,9.97333
2848085,6,"Muehlenstieg, Hamburg Wandsbek",53.57298278808594,10.061548233032228
3098,6,Hamburg Kieler Straße,53.56439900021153,9.944580000422455
3071,6,Hamburg Hafen,53.52915799997496,9.98159900015587
3143,6,Hamburg Max-Brauer-Allee II (Straße),53.55566799998861,9.943012000077175
3963,7,"""Budapest Pesthidegkut""",47.56194399954603,18.9600080000324
3945,7,"""Budapest Teleki""",47.49194399963094,19.087781000058193
3964,7,"""Budapest Szena""",47.50805599958544,19.02806699981771
783921,7,Budapest Pesthidegkút,47.561738,18.960876
783935,7,Budapest Széna tér,47.508605,19.02764
783932,7,Budapest Teleki tér,47.492104,19.087778
2996392,8,Barcelona - Porta - Can Dragó,41.43194877141375,2.18073885709509
3294,8,Barcelona,41.40388,2.204501
3276,8,Barcelona,41.398724,2.1533988
3229,8,Sant Adrià de Besòs,41.425594,2.2221997
3234,8,Santa Coloma de Gramenet,41.447422,2.209497
3316,8,"Hospitalet de Llobregat, l'",41.370476,2.1149993
3291,8,Barcelona,41.38749,2.1151996
786219,8,Barcelona,41.41843,2.1238973
3314,8,"Prat de Llobregat, el",41.321487,2.0977015
3355,8,Badalona,41.443985,2.2378986
1744505,8,MONTCADA I REIXAC (CAN SANT JOAN),41.46980055482777,2.184233488379306
3298,8,Barcelona,41.385315,2.1537998
3293,8,BARCELONA (SANTS),41.37880280219644,2.133098078403608
3042186,8,BARCELONA (PALAU REIAL),41.38750000026505,2.1151000002079337
3273,8,BARCELONA (CIUTADELLA),41.38641393367885,2.187416735063915
2990,8,BARCELONA (PARC DE LA VALL D'HEBRON),41.426077199739154,2.1479920317282684
3042184,8,BARCELONA (GRÀCIA - SANT GERVASI),41.39958099969136,2.152385000080129
1334443,8,La Sagrera,41.424066334836034,2.185756745065996
896621,8,Montcada i Reixac,41.469826,2.1758358
3113,9,München/Lothstraße,48.15453400015709,11.554669000315997
3093,9,München/Johanneskirchen,48.1731939997464,11.648036000343884
2669,9,München/Stachus,48.13725200011463,11.564923999614544
3099,9,München/Landshuter Allee,48.149606000214845,11.536513000090004
3090,9,München/Allach,48.181689999832365,11.464449999775912
2603966,9,Parkstadt Schwabing (Lyonel-Feininger-Straße),48.1794742,11.5927015
2403877,10,"Prague, Stodůlky",50.05292736207497,14.347338936803885
4369,10,Praha 4-Libus,50.00730514514777,14.445933342314296
4387,10,Praha 8-Karlin,50.09423828151478,14.442049026127448
4362,10,Praha 9-Vysocany,50.11108016953929,14.503095626786267
4403,10,Praha 10-Vrsovice,50.06642913815961,14.44615173353965
4389,10,Praha 6-Brevnov,50.08438491845225,14.380116462917982
4390,10,Praha 5-Stodulky,50.046131134039506,14.33141326942181
4373,10,Praha 6-Suchdol,50.12652969383733,14.38463878597581
4401,10,Praha 2-Legerova,50.07238769517217,14.430672645486688
4386,10,Praha 8-Kobylisy,50.12218856813133,14.467577934674807
4400,10,Praha 2-Riegrovy sady,50.0814819336594,14.442691803052586
4404,10,Praha 10-Prumyslova,50.06229782122245,14.537819862160092
4405,10,Praha 1-n. Republiky,50.08806610083038,14.429220199927984
4392,10,CZ0ASMI,50.0731353759766,14.3981409072876
8357,11,MILANO - V.LE MARCHE,45.4955559998796,9.191389000333311
2162827,11,Cormano-Edison,45.547599999947366,9.1669799998911
8303,11,MILANO - SENATO,45.46972199987526,9.198055999928004
8348,11,MILANO - VERZIERE,45.4627779999288,9.195833000179832
8352,11,MILANO PASCAL CITT� STUDI,45.47832999988908,9.235830000420052
8356,11,SESTO S.GIOVANNI,45.53388899993441,9.23638899956348
8340,11,MILANO - V.LE LIGURIA,45.449169999877256,9.182499999917043
1616223,12,"Bulgaria, Sofia, Darvenitsa",42.6695,23.359
278916,12,"Bulgaria, Sofia, Darvenitsa",42.6695,23.359
2162110,12,AMS Mladost-Sofia,42.65548799991424,23.383270999989932
8860,12,AMS Nadezhda-Sofia,42.73229199975311,23.31097199967429
8846,12,AMS Kopitoto,42.63719199997135,23.24386399956789
8856,12,AMS Hipodruma-Sofia,42.68055800032477,23.29678599964189
8853,12,AMS Druzhba -Sofia,42.666508000039954,23.40016400036749
8844,12,AMS ExEA/Pavlovo-Sofia,42.669796999685126,23.26840299970644
225850,2,Wandsworth - Tooting High Street,51.429331,-0.166524
225839,2,Wandsworth - Battersea,51.4794395281222,-0.141786953606306
225805,2,Wandsworth - Lavender Hill (Clapham Jct),51.4636903568111,-0.166713485994806
225765,2,Lewisham - New Cross,51.474954,-0.039641
225767,2,Lambeth - Brixton Road,51.464113541162,-0.11458102695123
225807,2,Westminster - Covent Garden,51.5119769825798,-0.12162720332856
225787,2,Southwark - Tower Bridge Road,51.5013906712066,-0.0782034373606952
230827,2,Southwark - South Circular Road,51.442633,-0.077653974
225851,2,Wandsworth - Putney,51.4650325059122,-0.215824580947572
225801,2,Westminster - Elizabeth Bridge,51.4922482333024,-0.147114752900186
225782,2,Islington - Arsenal,51.557895,-0.106989
225791,2,Islington - Holloway Road,51.555378,-0.116146
225802,2,Southwark - Vicarage Grove,51.4735803479615,-0.0877818536754426
225800,2,Greenwich - Trafalgar Road (Hoskins St),51.4839072533485,0.0004073969358497
225793,2,Southwark - Elephant and Castle,51.4931557048667,-0.101527038274853
225744,2,Ealing - Western Avenue,51.5236078191481,-0.265502631799754
225786,2,Lambeth - Streatham Green,51.4282131429499,-0.13186863879576
3056381,2,Harlesden LP1,51.53554,-0.24106
3056383,2,Harlesden LP2,51.53479,-0.23747
3056382,2,Harlesden HP2,51.53432,-0.23493
3056384,2,Harlesden HP1,51.5361,-0.24445
227060,2,Newham - Hoola Tower,51.508198,0.015002152
270693,2,Waterloo Place (The Crown Estate),51.5075819137762,-0.133068372704093
225755,2,Greenwich - John Harrison Way,51.4937746695818,0.0107796237032558
225777,2,Haringey  - Priory Park South,51.5839769007709,-0.125400278484885
290183,2,Tower Hamlets - Jubilee Park,51.5029878731458,-0.0180219908165375
225776,2,Lewisham - Loampit Vale,51.4646910611736,-0.0160682432041527
225710,2,Greenwich - Blackheath,51.472504,-0.012381
1462792,2,UAL Creative Computing Institute,51.47230908118687,-0.0860062392925502
225852,2,Wandsworth - Putney High Street,51.463429,-0.215871
2862784,2,SW London,51.460194,-0.150917
927171,2,Regent Street (The Crown Estate),51.5113148373152,-0.139322877049969
227059,2,Greenwich - Tunnel Avenue,51.495057,0.0041074676
225770,2,Newham - Cam Road,51.537598,-0.002138
225772,2,Newham - Wren Close,51.514727,0.014554
225812,2,Wandsworth - Putney High Street Facade,51.4637206047191,-0.215890144123119
225808,2,Wandsworth - Wandsworth Town Hall,51.456962,-0.191074
225833,2,Westminster - Duke Street (Grosvenor),51.5129998832095,-0.150913488159214
225846,2,Westminster - Ebury Street (Grosvenor),51.493492,-0.149906
225811,2,Westminster - Strand (Northbank BID),51.5119701188277,-0.116713103528546
225783,2,Lambeth - Bondway Interchange,51.4854867739729,-0.124545234819213
225756,2,Hackney - Old Street,51.526454,-0.08491
304892,2,City of London - Guildhall,51.515907,-0.092023986
225731,2,City of London - Beech Street,51.520225273171,-0.0961060474176381
225743,2,City of London - Farringdon Street,51.5145253362314,-0.104515626337876
225735,2,City of London - Upper Thames Street,51.5105969158391,-0.0921029031922594
225737,2,City of London - The Aldgate School,51.513847178423,-0.077765681752
225835,2,Westminster - Cavendish Square,51.5168016452062,-0.145657269364411
225838,2,Westminster - Oxford Street East,51.516066,-0.13516388
225718,2,Camden - Holborn (Bee Midtown),51.5173675146177,-0.1201947113171
225741,2,Ealing - Acton Vale ,51.5038527919816,-0.254668101620372
225842,2,Tower Hamlets - Blackwall,51.5150461674013,-0.0084184926564274
270694,2,Regent Street facade (The Crown Estate),51.5111824979787,-0.139114122784456
225721,2,City of London - Walbrook Wharf,51.510499,-0.091634
310238,2,Hackney - Amhurst Road,51.5500559909969,-0.0633016026789864
310232,2,Hackney - Homerton Library,51.5487472103442,-0.0418806967224562
287453,2,Hackney - Queensbridge Road,51.539324,-0.070078971
223717,2,Dagnall Street,51.4738,-0.157493
223692,2,Brook Drive,51.493213,-0.101559
223691,2,West Smithsfield,51.518921,-0.100905
2937,6,Hamburg Tatenberg,53.487669,10.083646
2872756,13,Biala,52.238607,20.990778
10775,13,"Warszawa, ul. Chrościckiego",52.20774200000001,20.906073
60175,13,"Warszawa, IMiGW",52.281304,20.963383
7245,13,"Warszawa, ul. Kondratowicza",52.290864,21.042458
10776,13,"Warszawa, al. Niepodległości",52.219298,21.004724
6381,13,"Warszawa, ul. Tołstoja",52.285073,20.933018
6386,13,"Warszawa, ul. Wokalna",52.160772,21.033819
921170,13,"Warszawa, IMiGW",52.281472,20.963361
8923,13,Warszawa-Podleśna,52.280939,20.962156
2531,13,Komunikacyjna,52.21929306,21.00583333
1050,13,Podleśna,52.28098306,20.95555556
28,13,Ursynów,52.16077306,21.03916667
2567,13,Targówek,52.29085889,21.03916667
2163120,14,B-2,44.41796700027234,26.160786000253328
2995848,14,B-21,44.38613890030204,26.130407300387724
2163091,14,B-2,44.41796700027234,26.160786000253328
2163078,14,B-1,44.44727499968577,26.036693999817818
2995840,14,B-12,44.42548369981165,26.09100340023743
2163072,14,B-3,44.444924999845064,26.12728900010153
2163107,14,B-1,44.44727499968577,26.036693999817818
2163113,14,B-5,44.41949400005138,26.033641999691156
2995847,14,B-20,44.39267729978861,26.12041659981881
2163084,14,B-5,44.41949400005138,26.033641999691156
2995850,14,B-23,44.47031400018909,26.002456699837005
2163115,14,B-4,44.38390800025475,26.125016999949555
2995843,14,B-15,44.46805569981608,26.140905399971835
2163080,14,B-6,44.43504399969392,26.098296999895624
2995853,14,B-26,44.49925609981335,26.135429400255557
2995845,14,B-17,44.41974260010748,26.136154199654342
2995851,14,B-24,44.40710069984446,26.113142000427192
2995844,14,B-16,44.43214419998374,26.14021490004723
2995858,14,B-9,44.4918098000829,26.03092579969918
2163086,14,B-4,44.38390800025475,26.125016999949555
2995849,14,B-22,44.41850660022456,26.149198500249433
2995854,14,B-27,44.48823930007044,26.184184999668773
2995841,14,B-13,44.450759899946064,26.13029859974677
2995842,14,B-14,44.44618229971936,26.066266999806768
2995838,14,B-10,44.46038820028955,25.98737529955358
2163101,14,B-3,44.444924999845064,26.12728900010153
2163109,14,B-6,44.43504399969392,26.098296999895624
2995846,14,B-18,44.4341086998202,26.04233169987849
2163106,14,B-23,44.47000000027231,25.99999999977441
2163104,14,B-27,44.48999999983089,26.180000000288334
2163102,14,B-13,44.45000000023424,26.12999999974633
2163089,14,B-17,44.41999999996592,26.13999999967507
2163117,14,B-22,44.41999999996592,26.14999999960381
2163087,14,B-21,44.38999999989685,26.12999999974633
2163081,14,B-24,44.410000000303135,26.109999999888853
2163105,14,B-9,44.49167500026332,26.03072500018203
2163066,14,B-10,44.46027499972366,25.987083000336547
2163090,14,B-16,44.42999999979392,26.13999999967507
2163079,14,B-14,44.45000000023424,26.0700000001739
2163070,14,B-26,44.50000000024475,26.13999999967507
2163114,14,B-20,44.38999999989685,26.11999999981759
2163111,14,B-12,44.42999999979392,26.090000000031377
2163083,14,B-18,44.42999999979392,26.04000000038768
2163074,14,B-15,44.47000000027231,26.13999999967507
2163112,14,B-18,44.42999999979392,26.04000000038768
2163073,14,B-13,44.45000000023424,26.12999999974633
223785,2,Lancell Street,51.5618,-0.07587
223780,2,Monnery Road,51.560567,-0.135615
223699,2,Stockwell Road,51.466706,-0.117473
223773,2,Pattison Road,51.560877,-0.195749
223796,2,Tower Bridge Road,51.501965,-0.077592
223737,2,Commercial Street,51.518123,-0.074271
223707,2,Hendon Way,51.571687,-0.210037
223789,2,St Anns Hill,51.456143,-0.18927
223764,2,Upper Richmond Road,51.465116,-0.254736
223703,2,Caledonian Road,51.550067,-0.117987
223794,2,Garrett Lane,51.440399,-0.186775
223750,2,Geraldine Street,51.49562,-0.105412
223771,2,Holloway Road,51.555387,-0.116092
4762,15,Berlin Schildhornstraße,52.463610999810946,13.318250000381644
2162181,15,Berlin Silbersteinstraße 5,52.46747000023927,13.441209999591656
2993,15,Berlin Neukölln,52.48945100006434,13.430843999965024
4761,15,Berlin Wedding,52.543040999981905,13.349326000418548
3019,15,Berlin Mitte,52.51360600001067,13.41883300000022
3026,15,Berlin Schöneberg,52.485814000177015,13.348774999874411
2162178,15,Berlin Leipziger Straße (MC),52.50981299973173,13.382376999608192
2162180,15,Berlin Karl-Marx-Straße II,52.483810999822715,13.429670999629955
4767,15,Berlin Frankfurter Allee,52.51407199975142,13.469930999635912
4765,15,Berlin Hardenbergplatz,52.50659999994566,13.332971999991248
4764,15,Berlin Mariendorfer Damm,52.43811499988987,13.387720000153392
2977853,15,Berlin-Neukoelln Donaustr.,52.4796999,13.4404605
3025,15,DEBE063,52.467534,13.441654
1775988,15,Berlin Mitte (outdoor),52.514444,13.35
3021,15,DEBE064,52.481709,13.433967
4287,16,TRES OLIVOS,40.50055555025528,-3.689722220008741
4331,16,MENDEZ ALVARO,40.39805555018832,-3.6866666598586177
4323,16,ESCUELAS AGUIRRE,40.42166665995589,-3.682222219837608
4312,16,ENSANCHE DE VALLECAS,40.3727777702012,-3.6119444396910185
4258,16,BARRIO DEL PILAR,40.47833333020461,-3.7113888803825215
4314,16,RETIRO,40.40972221972217,-3.685555549853365
4328,16,PLAZA ELÍPTICA,40.38470000028444,-3.7186000003245874
3295,16,RAMÓN Y CAJAL,40.45166665984245,-3.677222220322396
3223,16,PLAZA DE ESPAÑA,40.424166659847046,-3.712222219623825
2162414,16,POZUELO DE ALARCÓN,40.449100000228725,-3.803699999727139
4285,16,CUATRO CAMINOS-PABLO IGLESIAS,40.44527776982108,-3.7063888799689946
4318,16,PLAZA DEL CARMEN,40.41916666016447,-3.703333329700339
4317,16,PUENTE DE VALLECAS,40.388055549727234,-3.651388879911772
4329,16,MORATALAZ,40.408055549902954,-3.645277770391308
2162411,16,LEGANÉS,40.33970000008103,-3.7545000001496094
4249,16,ARTURO SORIA,40.440000000283234,-3.639166659972529
4275,16,CASTELLANA,40.439722219952834,-3.690277769621476
4264,16,VILLAVERDE,40.34694443977103,-3.705000000098109
2162438,16,LEGANÉS,40.33970000008103,-3.7545000001496094
2162441,16,POZUELO DE ALARCÓN,40.449100000228725,-3.803699999727139
4327,16,FAROLILLO,40.394722220244205,-3.731944439734202
4342,16,JUAN CARLOS I,40.465000000052974,-3.60888888043921
4296,16,SANCHINARRO,40.49416666013708,-3.660277769835259
4320,16,PLAZA CASTILLA-CANAL,40.465833329674865,-3.688333330256388
4274,16,CASA DE CAMPO,40.42000000010348,-3.7491666600869737
2826460,16,Invernadero SinCO2,40.4515299,-3.722884
2826464,16,Invernadero ConCO2,40.4515299,-3.722884
2163110,14,B-24,44.410000000303135,26.109999999888853
2163076,14,B-9,44.49167500026332,26.03072500018203
2163085,14,B-20,44.38999999989685,26.11999999981759
2163103,14,B-15,44.47000000027231,26.13999999967507
2163119,14,B-16,44.42999999979392,26.13999999967507
2163088,14,B-22,44.41999999996592,26.14999999960381
2737504,14,B-19,44.41999999996592,26.0700000001739
10781,14,RO0066A,44.4110818288512,26.1847227222147
9360,14,RO0069A,44.4116669994632,26.052244
10784,14,RO0068A,44.395807371193,26.1483409532079
10779,14,RO0065A,44.4470701280555,26.0368600264486
10789,14,RO0070A,44.4289183724066,26.1208525055138
9358,14,RO0067A,44.4405559994632,26.151122
2812630,17,International School of Belgrade,44.78765,20.43385
1541049,17,Beograd Danijelova,44.782294,20.479144
1541051,17,Beograd Mirijevo,44.789792,20.538598000000004
1541052,17,Beograd na vodi,44.811892,20.450132
784133,17,Beograd Bežanijska kosa,44.815028000000005,20.3779
784136,17,Beograd Dragiša Mišović,44.777237,20.457029
784153,17,Beograd Zemun Ugrinovačka,44.849212,20.377265999999995
784129,17,Beograd Ada Marina,44.790166,20.4169
784146,17,Beograd Stojčino Brdo,44.776953,20.535435
784135,17,Beograd Despota Stefana ,44.8168146768154,20.4699406027794
1541050,17,Beograd Jajinci,44.74049200000001,20.485642
784130,17,Beograd Ada petlja,44.7913433933573,20.4256007812383
784134,17,Beograd Borča,44.873952,20.446585
784150,17,Beograd Vračar Dom zdravlja,44.796427,20.486154
784152,17,Beograd Zemun TB,44.835246,20.403299
784143,17,Beograd Oml. brigada ,44.805925,20.398811
784144,17,Beograd Ovča,44.88411200000001,20.527552
784148,17,Beograd Topčiderska Zvezda,44.788646,20.444507
784131,17,Beograd Banovo brdo,44.777284,20.409701
784137,17,Beograd Franša Deperea,44.794262,20.463173
10879,17,Belgrade-Novi Beograd,44.8031790000084,20.40015199959233
11587,17,Belgrade-Mostar,44.79874600031132,20.450183999921396
11588,17,Belgrade-Vracar,44.79695899997687,20.475287999949472
10837,17,Belgrade-Stari grad,44.821119999948465,20.459112999622317
784151,17,Beograd Zeleno brdo,44.786488,20.521715
2135148,17,Belgrade BIG Fashion Park,44.81661264223053,20.51235689623082
783882,7,Budapest Honvéd,47.522693,19.069867
783938,7,Budapest Kosztolányi D. tér,47.474775,19.04094
783913,7,Budapest Kőrakás park,47.544291,19.144177
783927,7,Budapest Gergely utca,47.466982,19.157219
783939,7,Budapest Erzsébet tér,47.498948,19.051903
3962,7,"""Budapest Korakas""",47.54194399941162,19.146121999947063
358684,12,Henri Ford School of Sofia,42.7111,23.2884
278923,12,"Slatina, Sofia",42.6815,23.3578
406,18,Oldbury Birmingham Road,52.502436,-2.003497
3525,18,Birmingham A4540 Roadside,52.47609,-1.875024
2659945,18,West Bromwich Kenrick Park - UKA00658,52.50833699931375,-1.986008000257209
2659909,18,Birmingham Ladywood - UKA00655,52.48134599952562,-1.9182349998038517
2453320,18,University of Birmingham ,52.4554879239,-1.92899556076
2453310,18,University of Birmingham,52.4554879239,-1.92899556076
2453314,18,University of Birmingham,52.4554879239,-1.92899556076
2453317,18,University of Birmingham,52.4554879239,-1.92899556076
2659944,18,West Bromwich Kenrick Park - UKA00658,52.50833699931375,-1.986008000257209
2659908,18,Birmingham Ladywood - UKA00655,52.48134599952562,-1.9182349998038517
2513,18,Birmingham Acocks Green,52.437165,-1.829999
337,18,Birmingham Tyburn,52.511722,-1.830583
2514,18,Birmingham Tyburn Roadside,52.512194,-1.830861
3265,16,ES1567A,40.33971999947,-3.73583
1564670,19,"Київ, Берестейський проспект 89А",50.4564838488987,30.385107905493253
2534572,19,Osokorky Patriotika Residential Area,50.39068842148681,30.624329446197137
7561,3,Cipro,41.906358,12.447596000000004
7530,3,Francia,41.947447,12.469588
2162870,3,FERMI,41.863992999785715,12.469569999900465
2960631,20,"12 G.Emin street, Yerevan, Armenia",40.19469,44.50967
2960641,20,"17 Griboyedov street, Yerevan, Armenia",40.21069,44.514
2960655,20,"37/47 Lukashin street, Yerevan, Armenia",40.19366,44.447
2960624,20,"82/5 Aytsemnik Urartu street, Yerevan, Armenia",40.17785,44.54284
2960627,20,"192 Arshakunyats street, Yerevan, Armenia",40.14499,44.49662
2960669,20,"27/3 Arshakunyats street, Yerevan, Armenia",40.15796,44.50491
2960629,20,"25 D.Anhaght street, Yerevan, Armenia",40.20032,44.53688
2960665,20,"27/16 Rubinyants street, Yerevan, Armenia",40.20648,44.55281
2960662,20,"64/7 G.Hovsepyan street, Yerevan, Armenia",40.17452,44.53518
2960658,20,"21 S.Grigoryan street, Yerevan, Armenia",40.20107,44.51587
2960632,20,"136/2 Verin antarayin street, Yerevan, Armenia",40.19758,44.51112
2960671,20,"15/5 Davtashen 10-th street, Yerevan, Armenia",40.22014,44.48396
2960639,20,"32 Aram street, Yerevan, Armenia",40.18095,44.51361
2960660,20,"22/1 Isakov street, Yerevan, Armenia",40.15758,44.45989
2960664,20,"2 Tsitsernakaberd street, Yerevan, Armenia",40.1814,44.48077
2960672,20,"24 Nansen street, Yerevan, Armenia",40.19762,44.55647
2960625,20,"15/1 Nzhdeh street, Yerevan, Armenia",40.15192,44.48662
2960670,20,"32 Aram street, Yerevan, Armenia",40.18123,44.51389
2960659,20,"61 Davtashen 1-st street, Yerevan, Armenia",40.21913,44.48568
2960635,20,"1/4 Alma-Ata street, Yerevan, Armenia",40.21918,44.57564
2960668,20,"3 Tsitsernakaberd street, Yerevan, Armenia",40.18233,44.48088
2960620,20,"101/2 Artashat street, Yerevan, Armenia",40.10854,44.47083
2960642,20,"45/1 Ulnetsi street, Yerevan, Armenia",40.20288,44.53361
2960638,20,"136/2 Verin antarayin street, Yerevan, Armenia",40.19815,44.5099
2960626,20,"22 Dro street, Yerevan, Armenia",40.20564,44.54468
2960633,20,"19 Nork street, Yerevan, Armenia",40.19203,44.54306
2960652,20,"22 Dro street, Yerevan, Armenia",40.20529,44.54433
2960663,20,"1/4 Alma-Ata street, Yerevan, Armenia",40.21882,44.57652
2960653,20,"19 Nork street, Yerevan, Armenia",40.19189,44.54274
2960656,20,"15/1 Nzhdeh street, Yerevan, Armenia",40.15183,44.48587
2960661,20,"17 Griboyedov street, Yerevan, Armenia",40.21142,44.51274
2960650,20,"21 S.Grigoryan street, Yerevan, Armenia",40.20127,44.51569
2960630,20,"5 E.Mirzoyan street, Yerevan, Armenia",40.19611,44.50853
2960657,20,"12 G.Emin street, Yerevan, Armenia",40.19441,44.5096
2163075,14,B-27,44.48999999983089,26.180000000288334
2163118,14,B-17,44.41999999996592,26.13999999967507
2163108,14,B-14,44.45000000023424,26.0700000001739
2163077,14,B-23,44.47000000027231,25.99999999977441
2163095,14,B-10,44.46027499972366,25.987083000336547
2163099,14,B-26,44.50000000024475,26.13999999967507
2163116,14,B-21,44.38999999989685,26.12999999974633
2163082,14,B-12,44.42999999979392,26.090000000031377
3095,6,Hamburg Veddel,53.5232619999062,10.02122700032515
3014,6,Hamburg Wilhelmsburg,53.50792999974057,9.990568999864676
3010,6,Hamburg Habichtstraße,53.59230100007087,10.053859000113452
2973,6,Hamburg Stresemannstraße,53.56063199988809,9.95723599974441
2162190,6,Hamburg Niendorf,53.62219999994961,9.961400000106762
3015,6,Hamburg Sternschanze,53.56414000008392,9.967881999753526
3159,6,Hamburg Altona Elbhang,53.54526899991805,9.944814999700782
3170,6,DEHH016,53.52902,10.081685
3173,6,DEHH033,53.638291,9.998009
2960667,20,"4 Tsitsernakaberd street, Yerevan, Armenia",40.18257,44.48123
2960628,20,"13/1 Dro street, Yerevan, Armenia",40.20369,44.54071
2960637,20,"192 Arshakunyats street, Yerevan, Armenia",40.14486,44.49704
2960634,20,"23/18 Leningradyan street, Yerevan, Armenia",40.18961,44.47152
2960649,20,"24 Nansen street, Yerevan, Armenia",40.19745,44.55741
2960645,20,"27/3 Arshakunyats street, Yerevan, Armenia",40.15765,44.50447
2960636,20,"82/5 Aytsemnik Urartu street, Yerevan, Armenia",40.17792,44.54339
2960648,20,"13/1 Dro street, Yerevan, Armenia",40.20317,44.5415
2960644,20,"15/5 Davtashen 10-th street, Yerevan, Armenia",40.22111,44.48439
2960643,20,"23/18 Leningradyan street, Yerevan, Armenia",40.18906,44.472
2960640,20,"1 Tsitsernakaberd street, Yerevan, Armenia",40.18192,44.48115
2960619,20,"22/1 Isakov street, Yerevan, Armenia",40.1577,44.46107
2960651,20,"25 D.Anhaght street, Yerevan, Armenia",40.2,44.53648
2960621,20,"61 Davtashen 1-st street, Yerevan, Armenia",40.21921,44.48644
2960623,20,"45/1 Ulnetsi street, Yerevan, Armenia",40.20251,44.53304
2960666,20,"5 E.Mirzoyan street, Yerevan, Armenia",40.19635,44.50789
2960654,20,"37/47 Lukashin street, Yerevan, Armenia",40.19401,44.44671
2960646,20,"27/16 Rubinyants street, Yerevan, Armenia",40.20591,44.55282
2960647,20,"64/7 G.Hovsepyan street, Yerevan, Armenia",40.17419,44.53553
2960622,20,"101/2 Artashat street, Yerevan, Armenia",40.10913,44.47162
370669,20,Yerevan,40.16515,44.48171
2162204,21,Köln-Rodenkirchen,50.8898710000666,6.985073999700551
3088,21,Köln Clevischer Ring,50.962838000069745,7.004604999927973
3078,21,Hürth,50.87617900021641,6.8738180003086775
2162203,21,Köln Turiner Straße,50.94726800019581,6.95764900001501
3077,21,DENW059,50.889814,6.985164
3085,21,DENW212,50.94736700000001,6.957701
9741,22,Engolasters,42.51694399984486,1.5652500003218537
9742,22,Escaldes-Engordany,42.50969400015972,1.539137999815149
9567,23,NEA SMIRNI,37.93199799970204,23.7130200002631
9619,23,MAROUSI,38.03083700003538,23.7873720004476
2162800,23,PIREAUS-1,37.94465599978362,23.645230000091303
7832,23,ARISTOTELOUS,37.98806600025286,23.727617000199235
2162795,23,VOTANIKOS,37.984100000259446,23.705152999670847
2162798,23,PATISION,37.99958700010067,23.73305299973254
9514,23,Agia PARASKEVI,37.99510999998216,23.819420999904715
9618,23,PERISTERI,38.02081100010977,23.688360999575632
2162799,23,VOTANIKOS,37.984100000259446,23.705152999670847
2162794,23,PATISION,37.99958700010067,23.73305299973254
2162796,23,PIREAUS-1,37.94465599978362,23.645230000091303
270795,23,ATHINAS,37.978204000197664,23.726844999722157
9604,23,GR0030A,37.9432869,23.64751053
270796,23,GR0029A,37.98362732,23.70678902
9566,23,GR0032A,37.99945831,23.73304749
10673,24,Reykjavik Husdyragardurinn,64.138861,-21.873411
2430363,24,Portable Farstöð 1,64.144092,-21.962781
7659,24,Kópavogur Dalsmári,64.10495000000002,-21.889
10665,24,Reykjavik Grensas,64.1301,-21.87465
1850659,24,Kópavogur Hörðuvallaskóli,64.085637,-21.824893
10675,24,Hafnarfjörður Hvaleyrarholt,64.058867,-21.990733
11614,24,Portable Farstöð 1,64.14200000008154,-21.945999999558193
11615,24,Portable Farstöð 2,64.124483,-21.888892
2162813,25,Dublin Ballyfermot Library,53.340484030143536,-6.352255639699064
4837,25,Dublin Rathmines Wynnefield Road,53.353888999745415,-6.278056000074956
2162804,25,Dublin Kilmainham St. John's Road West,53.34584000003476,-6.294794999568407
2162814,25,Dublin Kilmainham St. John's Road West,53.34584000003476,-6.294794999568407
4836,25,Dublin Swords Watery Lane,53.27481000019952,-6.222367000279653
7821,25,Dublin Inchicore Davitt Road,53.33629500021436,-6.309019999958868
4858,25,Dublin Winetavern Street,53.34166699998854,-6.288888999681823
9755,25,Dublin Blanchardstown River Road,53.38563600013712,-6.369934000298597
2162819,25,Dublin Clonskeagh Road Richview,53.3118389998436,-6.235316000402882
2162808,25,Dublin Clonskeagh Road Richview,53.3118389998436,-6.235316000402882
2162818,25,Dublin Ringsend recycling Centre,53.34187500024688,-6.2140750004382745
9758,25,NET.IE001,53.39025,-6.305266
2162805,25,NET.IE001,53.364428999999994,-6.348980000000001
2162807,25,NET.IE001,53.36817500000001,-6.227857
8001,25,IE0095A,53.352778,-6.366667
4839,25,IE0127A,53.313889,-6.249167
9761,25,IE0036A,53.333333,-6.366667
4355,25,IE0105A,53.34722200000001,-6.266667000000001
2162144,26,Bern-Morgartenstrasse,46.96309999927417,7.462519999689005
5595,26,CH0041A,46.9763828250552,7.47871728542173
368841,27,Ankara - Etlik,39.973704,32.823266
4855,27,Ankara - Kayaş,39.92538091031405,32.92676420975321
368806,27,Ankara - Ulus,39.94008354805686,32.84989974854291
297036,27,Ankara - Keçiören Sanatoryum,39.99922,32.85564
368883,27,Ankara - Sıhhıye,39.92706513272927,32.86001400920846
270735,27,Ankara - Siteler,39.96458,32.90718
368959,27,Ankara - Çankaya,39.85743351150776,32.858460545539835
368843,27,Ankara - Mamak,39.92850182514454,32.91030228137969
4814,27,Ankara - Bahçelievler,39.91832282586664,32.82290472883654
4801,27,Ankara - Demetevler,39.96773888667552,32.79566972883605
4853,27,Keçiören,39.96726192654702,32.86282991465237
4818,27,Sıhhıye,39.92727454762165,32.85941127954306
4825,27,Cebeci,39.93694819732516,32.87816728564103
4851,27,Dikmen,39.89644518521437,32.84079194032176
3028113,29,Farron,50.82720180961881,4.364362411157264
3024336,29,Anor Londo,50.81178348852564,4.348504961741019
4904,29,41R012 - UCCLE,50.79664962497552,4.358623958324089
2162136,29,BETVBX2 - Brussel (Rue des Tanneurs),50.84028350999223,4.346831357669475
2162131,29,41R001 - MOLENBEEK,50.84971051832148,4.33410367997437
4905,29,47E013 - Vorst,50.81170089468736,4.328384665312488
2162135,29,41REG1 - BRUXELLES            ,50.84356660370211,4.367005785202302
4908,29,47E007 - Sint-Pieters-Leeuw,50.79529862721751,4.252628452811833
2162121,29,41B001 - BRUSSEL (Kunst-Wet),50.84577802979376,4.368113262420545
2162138,29,41B011 - BERCHEM S.A,50.85780610706061,4.288706017229174
2162139,29,41CHA1 - GANSHOREN,50.87036591701618,4.306158791097929
2162128,29,41MEU1 - MEUDON,50.8950010112576,4.395716786997443
2162127,29,41N043 - HAREN,50.88369465103831,4.382977504865498
2162117,29,41B008 - Brussel (Beliardstraat),50.84086949261312,4.375850934357974
4907,29,47E008 - Grimbergen,50.92609511636152,4.395920013762486
2162124,29,41BUL1 - BRUXELLES,50.83790925971708,4.341821001477353
2162116,29,41R002 - IXELLES,50.82512789552575,4.384562720524881
2162118,29,41R001 - MOLENBEEK,50.84971051832148,4.33410367997437
2162119,29,BETVBX1 - Brussel (Rue de Grand Ile),50.84608161461121,4.346090383205684
2162126,29,41CHA1 - GANSHOREN,50.87036591701618,4.306158791097929
2162132,29,BETVBX1 - Brussel (Rue de Grand Ile),50.84608161461121,4.346090383205684
2162140,29,41N043 - HAREN,50.88369465103831,4.382977504865498
2162141,29,41MEU1 - MEUDON,50.8950010112576,4.395716786997443
2162133,29,41B004 - STE.CATHERI,50.85205994038318,4.347777501954267
2162125,29,41B011 - BERCHEM S.A,50.85780610706061,4.288706017229174
2162137,29,41BUL1 - BRUXELLES,50.83790925971708,4.341821001477353
2162130,29,41B008 - Brussel (Beliardstraat),50.84086949261312,4.375850934357974
8138,29,41B006 - PARL.EUROPE,50.83864017746932,4.374388284835956
2162129,29,41R002 - IXELLES,50.82512789552575,4.384562720524881
2162120,29,41B004 - STE.CATHERI,50.85205994038318,4.347777501954267
2162123,29,BETVBX2 - Brussel (Rue des Tanneurs),50.84028350999223,4.346831357669475
2162122,29,41REG1 - BRUXELLES            ,50.84356660370211,4.367005785202302
2162134,29,41B001 - BRUSSEL (Kunst-Wet),50.84577802979376,4.368113262420545
2777554,29,Quai de Mariemont Molenbeek 2,50.849734,4.334159
2777555,29,,50.849734,4.334159
2777553,29,,50.84959117568466,4.334002515384965
2515835,29,BETVBX3 - Brussel (Rue de Laeken),50.85501819919092,4.352448633633856
2515834,29,BETVBX3 - Brussel (Rue de Laeken),50.85501819919092,4.352448633633856
4833,29,BETR002,50.825128,4.384719
4863,29,BETB011,50.8580305936746,4.2883363663059
3448,29,BETMEU1,50.895101,4.392718
4920,29,BETR001,50.84966500000001,4.33382
8139,29,BETB008,50.8407885668979,4.37614906974903
4555,29,BETN043,50.8835598117798,4.38296325180234
4866,29,BETB004,50.8508105371924,4.34858747427388
4880,29,BETR010,50.8651078838423,4.42842728356121
4897,29,BETWOL1,50.85657799999999,4.425704
9598,30,Sarajevo,43.856665,18.398205
2656031,30,SARAJEVO - ILIDZA,43.83009999985558,18.311100000317
2656035,30,SARAJEVO - VOGOSCA,43.90000000023272,18.341999999728493
2656033,30,SARAJEVO - OTOKA,43.84839999978652,18.36370000017573
2656034,30,SARAJEVO - VIJECNICA,43.85900000011468,18.43480000021704
2656029,30,SARAJEVO-BJ-AUTOMAT,43.86749600030751,18.4230610002388
2497672,30,MZ Kolonija,43.815460143525954,18.31225495797935
2515,30,Bjelave,43.866,18.423
420,30,Vijećnica,43.859,18.435
421,30,Otoka,43.848,18.364
663500,31,Nicosia - Traffic Station,35.15192246950294,33.347919957077806
8161,31,Nicosia - Residential Station ,35.126944400000006,33.33166670000003
2162163,31,"""NICOSIA TRAFFIC POLICE""",35.15194399997359,33.347777999576614
3050456,32,Hellerup Kirkegård,55.731997,12.555849
2712073,32,"""Hvidover II""",55.6374999994081,12.461699999833478
5170,32,"""Copenhagen/1259""",55.70027923951807,12.5614004100753
5177,32,"""Copenhagen/1257""",55.698333739352826,12.553336140344967
9333,32,"""Hvidover""",55.63199999950898,12.463299999965804
1236071,32,Frederikssundsvej 31,55.70191854456806,12.53281489483794
8085,33,"""Rahu""",59.45694350962585,24.69862365976735
8056,33,"""Liivalaia""",59.431114199411134,24.760564800091142
8087,33,"""Õismäe""",59.41416930934975,24.649457930019587
9287,34,Mäkelänkatu,60.19644000005854,24.95198000014421
4588,34,Mannerheimintie,60.16964000000672,24.939240000258355
2998,34,Leppävaara 4,60.22023999980049,24.811329999965213
4593,34,Kallio 2,60.187389999815856,24.95060000011991
7094,35,US Diplomatic Post: Astana,51.125286,71.46722
2163041,36,Riga-Valdemara street,56.96087799911955,24.121171000381988
282704,36,Riga Kronvalda boulevard,56.9548469990028,24.10475599985532
2163046,36,Riga-Valdemara street,56.96087799911955,24.121171000381988
8218,36,LV0019A,56.9506059995096,24.115872
8111,37,"""Vilnius - Senamiestis""",54.67762499947801,25.28518599970167
8062,37,"""Vilnius - Zirmunai""",54.71527862944382,25.28944397013095
8105,37,"""Vilnius - Lazdynai""",54.686111449452206,25.210834499878786
8113,37,"""Vilnius - Savanoriu""",54.67333299949696,25.248902999562
2163033,38,Luxembourg Gasperich,49.5934899996945,6.1171499999454415
9651,38,Luxembourg Bonnevoie,49.597689999652935,6.137590000018972
9642,38,Luxembourg Pl. Winston Churchill,49.61156999964506,6.118469999695286
2163036,38,Luxembourg Gasperich,49.5934899996945,6.1171499999454415
6346,38,LU0108A,49.6068599994703,6.12811
2697131,39,Msida Station,35.89556299965945,14.493217000032196
2697130,39,Attard Station,35.89009099973841,14.434573000194618
2941722,40,Chisinau str.Ismail 84,47.016063030342615,28.84718974542958
278118,40,Chisinau,47.021561,28.81938
2162693,41,CONTES 2,43.78874999982634,7.33238199962482
3484,41,PEILLON,43.786582999679794,7.373282999688281
3490,41,FR24023,43.7933622306242,7.33139357882613
1620795,41,Essai 2,43.746680919,7.427721061
302033,43,Ulica Meše Selimovića (Blok 5),42.448087,19.240889
302036,43,Ulica zetskih vladara (kružni tok),42.420126,19.255149
3038796,44,Amsterdam City Center,52.369839,4.906271
2404,44,Zaandam-Wagenschotpad,52.44801099932394,4.816705999812202
2349,44,Amsterdam-Nieuwendammerdijk,52.38931399955945,4.9438219998869615
10554,45,Sofienbergparken,59.92305,10.76574
2959855,45,"Sinsenveien 45C, 0585 Oslo",59.9329314032293,10.790277774001858
10495,45,Alnabru,59.927690000000005,10.84655
7980,45,Kirkeveien,59.93231,10.72455
1951146,45,Ring 3 Økern,59.92845400000001,10.801863000000004
9658,45,Skøyen,59.91975,10.68973
230848,45,E18 Høvik kirke,59.89882251,10.57586119
299924,45,Oslo Rådhus,59.912185,10.733669
10540,45,"Rv 4, Aker sykehus",59.94102999999999,10.798030000000002
12018,45,Loallmenningen,59.903095,10.758407999999998
10824,45,Bryn skole,59.91416,10.82472
10810,45,Eilif Dues vei,59.90608,10.61195
6926,45,Åkebergveien,59.912001,10.767426
5776,45,Breivoll,59.9211,10.83363
5668,45,Grønland,59.91487,10.763
3043177,46,"Morais Soares, Lisbon",38.73214,-9.128491
7767,46,Alfragide/Amadora,38.73888900002024,-9.20750000018805
7985,46,Lavradio,38.66666699998462,-9.047778000264255
8026,46,Avenida da Liberdade,38.720278000014765,-9.145832999637822
7948,46,Entrecampos,38.7486110000273,-9.148888999962434
8254,47,VERUCCHIO,44.01305599972196,12.42000000042708
8252,47,SAN LEO,43.90805599973866,12.401666999750764
7615,47,SAN LEO,43.90720000000001,12.401199999999998
7627,47,VERUCCHIO,44.0139,12.421
2163361,49,"""Bratislava - Trnavske myto""",48.15837099940362,17.12891700017744
2163362,49,"""Bratislava - Jeseniova""",48.16796099922803,17.106244000309996
2163357,49,"""Bratislava - Mamateyova""",48.12471099933415,17.125495999979847
2163360,49,"""Bratislava - Puchovska""",48.211269999704335,17.15795799988884
5198,49,"""Bratislava - Kamenne nam.""",48.14467199931648,17.11357600025164
10924,50,Sankt Eriksgatan,59.338921,18.035773
7947,50,Stockholm E4/E20 Lilla Essingen,59.32552599942887,18.0043910003324
2163256,50,Stockholm Hornsgatan 108 Gata,59.31722199936481,18.04865999999169
2163255,50,Stockholm St Eriksgatan 83,59.34049999949284,18.03701600044801
2163262,50,Sundbyberg Tulegatan 9,59.36425999931944,17.97627799983537
2163254,50,Stockholm Sveavägen 59 Gata,59.34082699958287,18.058254000039568
2163280,50,Stockholm Hornsgatan 108 Gata,59.31724899935525,18.04888900032056
2163277,50,Stockholm Sveavägen 59 Gata,59.34082699958287,18.058254000039568
2163278,50,Stockholm St Eriksgatan 83,59.34049999949284,18.03701600044801
2163285,50,Sundbyberg Tulegatan 9,59.36425999931944,17.97627799983537
2163258,50,Stockholm Torkel Knutssongatan,59.31600699960514,18.057807000150817
2163281,50,Stockholm Torkel Knutssongatan,59.31600699960514,18.057807000150817
2163279,50,Stockholm Hornsgatan 108 Gata,59.31722199936481,18.04865999999169
2163257,50,Stockholm Hornsgatan 108 Gata,59.31724899935525,18.04888900032056
270751,50,Valhallavägen,59.348618,18.062386
2163253,50,Stockholm Valhallavägen 14,59.34902499956982,18.061344999625963
2163276,50,Stockholm Valhallavägen 14,59.34902499956982,18.061344999625963
2163263,50,Solna Råsundavägen 107,59.365116999364936,17.99686199984895
2163286,50,Solna Råsundavägen 107,59.365116999364936,17.99686199984895
9473,50,SE0022A,59.3169399995293,18.057501
9470,50,SE0003A,59.31721999952921,18.04918
9474,50,SE0027A,59.3411099995295,18.05862
6188,50,Folkungagatan,59.31462368,18.07585555
270756,50,"Råsndavägen, Solna",59.3659396,17.9995942
270752,50,St Eriksgatan,59.334351,18.031951
12029,50,Danderydsvägen,59.4081664,18.0636322
270748,50,Råsundavägen,59.363839,18.019706
270753,50,St Erikgsgatan,59.3387558,18.0357015
10922,50,Solna Råsundavägen,59.362291,17.992711
10930,50,Urban bakgrund (Stockholm),59.315891,18.057991
6191,50,Lilla Essingen (E4/E20),59.32551867,18.00396061
10926,50,Skonertvägen (E4/E20),59.313251,18.00388
5378,50,Norrlandsgatan,59.33635627,18.07062632
2900712,26,Bern,46.961811,7.449759
9582,26,Bern-Bollwerk,46.950999999598224,7.440870000368799
2162143,26,Bern-Morgartenstrasse,46.96309999927417,7.462519999689005
2162037,49,Kittsee,48.10915299947697,17.07031599999757
5186,49,SK0001A,48.1250189994665,17.125611
5215,49,SK0048A,48.1666679394666,17.11666679
7198,46,Fidalguinhos,38.65000000007791,-9.048610999942383
7911,46,Laranjeiro,38.66361100016094,-9.1577780003787
8209,46,Santa Cruz de Benfica,38.74805599990359,-9.202499999774522
8036,46,Olivais,38.76888900024995,-9.108055999671036
8211,46,Reboleira,38.75416700018299,-9.230833000379576
7966,46,Escavadeira,38.65861100013332,-9.06694399972038
7199,46,Restelo,38.70500000003812,-9.210277999780002
223696,2,St John's Upper Holloway CE Primary School,51.5625154,-0.132866
223718,2,Queen Margarets Grove,51.549215,-0.079761
223740,2,Shaftsbury Avenue,51.51207,-0.131959
223751,2,Church Street,51.4813,-0.00986
223728,2,Haverstock Hill,51.549012,-0.162351
2162871,28,MALAGROTTA,41.87478299970997,12.345589999617946
7538,28,Malagrotta,41.874894,12.345598
8053,28,IT2012A,41.875556,12.345
5199,49,SK0002A,48.1584279994666,17.128678
2899,49,AT10003,48.1094443994665,17.0713889
10887,51,LJ Celovška,46.072399,14.491849
229193,51,LJ Vič,46.037791,14.494001
10551,51,LJ Bežigrad,46.065851,14.517454
2656014,51,LJ Celovska,46.072091567275685,14.487118334873363
2656015,51,Ljubljana Bezigrad,46.065544947151096,14.512720323165714
2656016,51,LJ Vic,46.03748701954972,14.48927171967859
387810,51,LJ Zalog,46.06309,14.619445
270749,50,"Tulegatan, Sundbyberg",59.3667459,17.9688665
6229,50,Sveavägen,59.34516113,18.05428175
6161,50,Hornsgatan,59.31713213999999,18.04878744
102,44,Amsterdam-Einsteinweg,52.38133099968318,4.845232999687698
2378,44,Amsterdam-Sportpark Ookmeer (Osdorp),52.36681099971049,4.793344000206674
2315,44,Amsterdam-Haarlemmerweg,52.38542199931848,4.875749999682863
95,44,Amsterdam-Vondelpark,52.35971399946527,4.866208000411839
2383,44,Amsterdam-Stadhouderskade,52.35803899930646,4.899699999642448
2353,44,Amsterdam-Kantershof (Zuid Oost),52.32069199922776,4.988396999868006
98,44,Amsterdam-Westerpark,52.39397199970799,4.870156999790721
80,44,Amsterdam-Van Diemenstraat,52.38998299964,4.88781099987638
2367,44,Amsterdam-Jan van Galenstraat,52.37478599969852,4.86031900024369
100,44,Badhoevedorp-Sloterweg,52.33400299970228,4.7740060003231
2319,44,Amsterdam-Oude Schans,52.37205599923857,4.904399999582005
33,44,Zaanstad-Hemkade,52.42022999959271,4.832060000156797
2381,44,Amsterdam-A10 west,52.3395,4.84102
10817,45,Bygdøy Alle,59.9193,10.696509999999998
225293,45,Vahl skole,59.9169444,10.766
2479977,45,Langkaia,59.908256,10.749474
10608,45,E6 Alna senter,59.92556,10.850367
463976,45,Brynbanen,59.915600000000005,10.82517
10865,45,Bekkestua,59.91822,10.58393
10777,45,Manglerud,59.89864,10.8149
10715,45,Hjortnes,59.91126,10.70398
221402,45,Spikersuppa,59.914051,10.735978
10894,45,Smestad,59.9325,10.66987
2920561,45,E18 Høvik stasjon,59.901395,10.588389
5507,39,Zejtun Station,35.8522659996057,14.53894100005886
8158,39,MT00008,35.8900179994896,14.434464
5503,39,MT00005,35.8958358794896,14.48998642
223795,2,Rosebery Avenue,51.52844,-0.10692
223772,2,Drury Lane,51.513472,-0.119223
223704,2,Devas Street,51.523099,-0.012704
223746,2,Devonshire Street,51.488199,-0.255688
223788,2,The Vale,51.506679,-0.262782
223769,2,Cornwall Road,51.506643,-0.112107
223694,2,Cecilia Road,51.54989,-0.06836
223754,2,Marylebone,51.52304,-0.174732
223698,2,Charing Cross Hospital,51.487354,-0.221561
223748,2,Cadogan Gardens,51.493217,-0.158772
223741,2,Park Lane,51.507988,-0.153446
